Customer Name,Customer ID,Primary Contact,Street Address,City,State,Zipcode,Email
Laura R. Stairs,61534646,609-242-8709,1565 Dark Hollow Road,Forked River,NJ,08731,LauraRStairs@teleworm.us
Mary R. Smith,81347718,516-881-5641,3536 Jarvisville Road,Huntington,NY,11743,MaryRSmith@jourrapide.com
John L. Castello,67817648,914-664-5831,2035 Taylor Street,Mount Vernon,NY,10550,JohnLCastello@teleworm.us
Sara C. Shields,51222133,701-283-0273,4553 Catherine Drive,Wales,ND,58281,SaraCShields@teleworm.us
Gerald E. Rogers,44569420,803-450-7935,4873 Still Pastures Drive,Columbia,SC,29210,GeraldERogers@jourrapide.com
Michael C. McCullough,73347138,715-688-9275,3114 Mercer Street,Baldwin,WI,54002,MichaelCMcCullough@armyspy.com
Elizabeth A. Slaughter,10929100,317-388-5273,1842 Clay Street,Indianapolis,IN,46254,ElizabethASlaughter@dayrep.com
John P. Pagan,66317669,808-440-9846,4058 Arron Smith Drive,Mililani,HI,96789,JohnPPagan@teleworm.us
Gerald K. Petersen,82239251,330-380-9126,1836 Derek Drive,Youngstown,OH,44512,GeraldKPetersen@teleworm.us
Jeanne C. Coughlin,91812343,704-951-9016,4525 Kelly Street,Charlotte,NC,28202,JeanneCCoughlin@rhyta.com
